{"BEST_RUN": [20, [0.11475759691377632, 0.05626076741126418, 0.0, 0.15068088711149955, 0.2498532403942923, 0.26398706340404743, 0.3221012726361995, 0.22145413510270956, 0.01626478093516777, 0.05380204900766067, 0.2899556538863969, 0.0, 0.1151637596555846, 0.06426104035879499, 0.014442844283643601, 0.2625827123166979, 0.30054119329622997, 0.18992880874788454, 0.08564606090270159, 0.18806245222667095, 0.23668359437932737, 0.0, 0.14220572721948585, 0.15346420203706235, 0.17587249331927662, 0.21770327969714195, 0.23197501452764557, 0.02644541224915159, 0.0, 0.03353040162482559, 0.14174594900878934, 0.11155670067091768, 0.0, 0.5861501085488167, 0.0, 0.03451180741012186, 0.220227001986827], 153.8489192476072], "RUN_HISTORY": [[1, [0.018997023684031136, 0.018997023684031136, 0.018997023684031136, 0.018997023684031136, 0.018997023684031136, 0.018997023684031136, 0.018997023684031136, 0.018997023684031136, 0.018997023684031136, 0.018997023684031136, 0.018997023684031136, 0.018997023684031136, 0.018997023684031136, 0.018997023684031136, 0.018997023684031136, 0.018997023684031136, 0.018997023684031136, 0.018997023684031136, 0.018997023684031136, 0.018997023684031136, 0.018997023684031136, 0.018997023684031136, 0.018997023684031136, 0.018997023684031136, 0.018997023684031136, 0.018997023684031136, 0.018997023684031136, 0.018997023684031136, 0.018997023684031136, 0.018997023684031136, 0.018997023684031136, 0.018997023684031136, 0.018997023684031136, 0.018997023684031136, 0.018997023684031136, 0.018997023684031136, 0.018997023684031136], 160.22030220644749], [2, [0.08874718331282519, 0.09711869300592658, 0.0, 0.05548469364171771, 0.07508199613605784, 0.0, 0.06422981628098012, 0.0, 0.004211436622550659, 0.0070168997208700755, 0.10076170154979427, 0.0, 0.0, 0.0, 0.002171542141676853, 0.0880556669055519, 0.0, 0.11107394284384874, 0.0, 0.0, 0.020589981637458378, 0.04534924707229198, 0.046723402119488916, 0.0, 0.03228760383543086, 0.0, 0.007816586137330807, 0.0, 0.0, 0.0, 0.0, 0.012530159366964867, 0.0, 0.0, 0.11621926428924544, 0.08097838572582401, 0.002801164556904868], 159.87623427824607], [3, [0.0, 0.1737860888347798, 0.08594832718079666, 0.04055444842038327, 0.0, 0.09995982274874349, 0.09576752884087199, 0.0, 0.0, 0.0026250376393578655, 0.057740466271036045, 0.0, 0.03011758267726086, 0.0, 0.0, 0.15954490942202654, 0.010185067659664494, 0.19261452922310346, 0.07779873700478093, 0.04872386125137247, 0.10574726681384714, 0.029624135337537518, 0.12202562434865413, 0.0, 0.09177698515291985, 0.0, 0.0, 0.00787523331847797, 0.0, 0.024191976783500314, 0.06716915019897521, 0.0960354462228575, 0.0, 0.09929641036424311, 0.13021098175920104, 0.03586657838827547, 0.09448390303725265], 158.05969053402254], [4, [0.05512592056432482, 0.16596685134113723, 0.011031542626263977, 0.09170478981652716, 0.0, 0.07063931296998487, 0.15564398963487264, 0.05874845914783122, 0.04790692772168768, 0.0, 0.03610582621020551, 0.0, 0.0, 0.003367602333943687, 0.0, 0.25763182825320036, 0.01410226544646427, 0.12426567471616277, 0.02790412652328067, 0.07826964821314573, 0.20559288080104882, 0.10392790768945488, 0.09079209331742356, 0.0, 0.17024900054867306, 0.025208615086056898, 0.0, 0.009171208373754559, 0.08351609337638953, 0.1081074464102674, 0.1007499946399367, 0.17107299359016392, 0.09108799793481984, 0.08661487166189458, 0.05953129936590176, 0.0, 0.007072028255266011], 157.93788575370428], [5, [0.025996333856356846, 0.17574887091454636, 0.048529696907199216, 0.11251153831997118, 0.0, 0.1014608803622481, 0.18855187584171512, 0.0, 0.013672396518499316, 0.0, 0.026321851834198048, 0.023857203141132488, 0.0, 0.0, 0.05422670696304919, 0.2235328152900188, 0.0, 0.18337386116923216, 0.07814415756201232, 0.09799906594260505, 0.2991817018945216, 0.06835734470825874, 0.09465309136260508, 0.03283732161621842, 0.17284955275172267, 0.11424807032209382, 0.0, 0.03402657874097062, 0.13031597217346647, 0.06121655611965158, 0.16909009210405307, 0.1283059427808662, 0.13005887600066707, 0.15722827716133064, 0.0886090609920845, 0.0, 0.0], 157.6932862992181], [6, [0.11042226280885373, 0.1312543625460532, 0.061033579936117154, 0.151857712327965, 0.09514696867369668, 0.08355327453372967, 0.17720545919096564, 0.09827803776016963, 0.0945035779525631, 0.0, 0.0, 0.06705316129824948, 0.054124077483766846, 0.013927731189695614, 0.007290967979983895, 0.21888070724340355, 0.07962323012736167, 0.14386674696015705, 0.15268627621047273, 0.08451708270485675, 0.360976709168474, 0.014235096575293454, 0.0638975438570279, 0.0, 0.11950961953122927, 0.2034805214636275, 0.09454464454149687, 0.11836905287112688, 0.11194794646944284, 0.0, 0.13833733375928414, 0.21364318440551222, 0.22873015095502303, 0.24047987259622813, 0.05954191058191525, 0.0, 0.0], 156.5590018239698], [7, [0.05918339275401157, 0.10157569024930846, 0.058246059595556156, 0.09753812914880886, 0.17519121343940272, 0.17291642878784985, 0.19450240220890944, 0.1730240887818955, 0.02044920137023068, 0.0, 0.0, 0.14584913635294527, 0.0, 0.0, 0.0, 0.2623539014304435, 0.11692054693707256, 0.11902857370509354, 0.11226001512466136, 0.027937387422307676, 0.42321578211277583, 0.10564288736941553, 0.1525365214839028, 0.0, 0.1567547870442632, 0.22800391379695747, 0.12126958028946744, 0.04266959903793005, 0.043044583396563266, 0.03989968117499607, 0.21818583364650712, 0.20185697769636984, 0.16144481441384612, 0.3228053832684846, 0.11285939849069233, 0.0, 0.0], 156.30877588289954], [9, [0.06290134302330762, 0.18132401744962082, 0.0, 0.07388653823971647, 0.25496174928653603, 0.2467800311446362, 0.28556047257898176, 0.23045642086940032, 0.09274909594390415, 0.0066474459938453915, 0.08715217235535347, 0.07415696990436417, 0.0, 0.06263808993285179, 0.0, 0.30690606536216936, 0.14407489036318036, 0.18769296572985367, 0.15707916981152065, 0.0791234283083744, 0.3247826261009499, 0.0242246415361292, 0.21057769104692006, 0.0006497628059908278, 0.2459336256679056, 0.22869730023842536, 0.10955761252128768, 0.09855304807303811, 0.025166572637330745, 0.0147494884964402, 0.31557926425625404, 0.17163361086688222, 0.08883895210894617, 0.38716715859886575, 0.06779890171961522, 0.0, 0.0], 155.80178212030125], [10, [0.07972798688401397, 0.10473061653379026, 0.0, 0.16531479815382882, 0.2529227609827573, 0.3380081297608864, 0.24315080663587885, 0.23135469457630345, 0.08283247851731035, 0.06465176254186254, 0.12382243168991967, 0.10915266056114831, 0.08377520456512269, 0.08798878032024128, 0.0, 0.36336644850255356, 0.22492237870919984, 0.15350556432738519, 0.17151755937519186, 0.119894606267854, 0.22695126324021192, 0.0, 0.27531381760444573, 0.0, 0.16792642823926135, 0.2579142117417554, 0.05441308218938282, 0.014509333881946793, 0.09308870305704674, 0.0, 0.2939270447964016, 0.10226012381306435, 0.11356752251885234, 0.46685973133620084, 0.04691080402627017, 0.0, 0.0], 154.69724766072918], [14, [0.10379180429118912, 0.06824605860509753, 0.0, 0.08732171549605978, 0.29292511500475993, 0.3085880015874658, 0.288482937379449, 0.22096922095241925, 0.022206256279627024, 0.01203848779380113, 0.20611197651673982, 0.031223682652759682, 0.15969303038507932, 0.13712110683233164, 0.0, 0.3715870572794537, 0.1549950557471511, 0.2107844060932407, 0.09983939253442561, 0.09955042967345647, 0.17874200990647127, 0.0, 0.20407208536804528, 0.06295972406039678, 0.13674715119158248, 0.30112330425834377, 0.12101211468198572, 0.02513154565836362, 0.03344229700930635, 0.08591262334295016, 0.2125380297751488, 0.17389499615285617, 0.049682190367661444, 0.472738893778528, 0.06452733607582302, 0.00012565443937457844, 0.08876232572952272], 154.21212633597708], [15, [0.07087474623019216, 0.13546096538067937, 0.0401730498408192, 0.1383298201321065, 0.3466575475517719, 0.23681575446511247, 0.34109638907274886, 0.25656100039874663, 0.03202986993270636, 0.011289734148534276, 0.24946381919709743, 0.0, 0.11636693072721035, 0.08466834990786076, 0.04244119280651784, 0.32215164879397, 0.23005341280304353, 0.18368044518006593, 0.17768178685176675, 