{"BEST_RUN": [255, [0.19976536682439344, 0.0, 0.017955376515350903, 0.0, 0.11870460232851711, 0.0, 0.08226899183260841, 0.0, 0.01778082277406801, 0.12382088231408284, 0.15492052798582825, 0.041569161195142826, 0.6344088658501061, 0.025081107780164636, 0.23414662878337278, 0.010717367782060186, 0.10941473410658156, 0.24184275443956965, 0.0, 0.14077433675693066, 0.1863611718754035, 0.11871199356504265, 0.03842112166375065, 0.1764672996211312, 0.20437791354835877, 0.22065022051610833, 0.006760112078589134, 0.0, 0.15826102178140455, 0.10846692653256523, 0.043682914135701356, 0.005148264056616814, 0.0623299140476844, 0.14091833923432018, 0.2350520411666642, 0.3664231395326756, 0.45211501112098185], 153.93658695587058], "RUN_HISTORY": [[1, [0.04778478230935579, 0.04778478230935579, 0.04778478230935579, 0.04778478230935579, 0.04778478230935579, 0.04778478230935579, 0.04778478230935579, 0.04778478230935579, 0.04778478230935579, 0.04778478230935579, 0.04778478230935579, 0.04778478230935579, 0.04778478230935579, 0.04778478230935579, 0.04778478230935579, 0.04778478230935579, 0.04778478230935579, 0.04778478230935579, 0.04778478230935579, 0.04778478230935579, 0.04778478230935579, 0.04778478230935579, 0.04778478230935579, 0.04778478230935579, 0.04778478230935579, 0.04778478230935579, 0.04778478230935579, 0.04778478230935579, 0.04778478230935579, 0.04778478230935579, 0.04778478230935579, 0.04778478230935579, 0.04778478230935579, 0.04778478230935579, 0.04778478230935579, 0.04778478230935579, 0.04778478230935579], 160.24609707784296], [2, [0.10359810055288028, 0.0, 0.12019634428604101, 0.0, 0.06340443393182327, 0.13134609437099964, 0.008338380851966629, 0.11733574905155841, 0.0, 0.09185783379733099, 0.0, 0.11419788260845364, 0.02029615633370052, 0.009621034819151997, 0.06463379994495311, 0.0, 0.1268271658771927, 0.11228883185103876, 0.06618923057363986, 0.14493323244599313, 0.0794956763926759, 0.04914787144130783, 0.0, 0.061852681228239434, 0.0, 0.09910094646500778, 0.0, 0.04368163698761842, 0.0, 0.07353117613495382, 0.0644595853346056, 0.0, 0.0, 0.05872951132269975, 0.045452913192968646, 0.08579033682777662, 0.1015978368893809], 159.03228754304834], [3, [0.1429533229505814, 0.0008444748908178701, 0.1793477810612295, 0.06323338126347025, 0.0, 0.09906065276040502, 0.0, 0.03335085278210648, 0.0, 0.1267696980965646, 0.08796773694596734, 0.19261461814751146, 0.08565467233844111, 0.0, 0.033714145995709474, 0.0, 0.1290641710128377, 0.15030938509037114, 0.1646397206966376, 0.14183200324384804, 0.08839852077124445, 0.0, 0.06008370930502976, 0.14457668100666354, 0.04512402792494324, 0.16507043594187076, 0.022384094810232447, 0.03204371033371434, 0.05862306607552575, 0.03556130654901772, 0.025086059954043602, 0.0, 0.06219994707561412, 0.0, 0.12820584991550038, 0.14299688043560077, 0.19487355475607723], 157.84515110142948], [4, [0.19510910034174422, 0.06474400548624032, 0.24243845440466055, 0.07707824027570252, 0.0, 0.024665548499875747, 0.0, 0.0, 0.0, 0.0813935307574308, 0.16501362334689573, 0.13174419259047745, 0.1736371671086237, 0.020274805947537434, 0.1320786037792906, 0.0, 0.06748617570739984, 0.19521135827029393, 0.09676082374260457, 0.17023585298992236, 0.11506984937312414, 0.029362811913215547, 0.017311777406197763, 0.05278075309087886, 0.07448516149531959, 0.17432146853920633, 0.09733124718135126, 0.0, 0.052670335506161625, 0.0013614604276839457, 0.0, 0.05150183456609712, 0.1525657575222908, 0.0, 0.037491144815309185, 0.2310891309580292, 0.25566029342785335], 156.99646015502157], [5, [0.12935775257303866, 0.12949053759159346, 0.20855177146927806, 0.1105925818777581, 0.0, 0.03641406351601169, 0.05933599557953138, 0.0, 0.0, 0.07474645195308344, 0.06885260694437267, 0.05466114479066768, 0.2537577689465932, 0.0, 0.16509715943294734, 0.05957841348780451, 0.12275453906768635, 0.10424697849223023, 0.05329188578046994, 0.1371469411994333, 0.1730882280448501, 0.03793506722257891, 0.044403816752026745, 0.10989130488720619, 0.08946583914387848, 0.1737067568437909, 0.014053658240460537, 0.025205938926616267, 0.06294124763624738, 0.0, 0.0, 0.027096874613738754, 0.08106284793787649, 0.029569731763101736, 0.07758075187832417, 0.2622072701932199, 0.20928225261339278], 156.86621264923355], [9, [0.045394987435049494, 0.13059440034567832, 0.2059322766475348, 0.12526626916840206, 0.0, 0.04089104727589957, 0.001242030572312737, 0.0, 0.0, 0.10999220027668036, 0.002034989982303781, 0.0476883941632237, 0.3322127809718239, 0.07948601844470159, 0.06877068612907733, 0.10918544818039988, 0.13173691697117573, 0.16186118781511358, 0.028601867514922254, 0.13096354103460714, 0.13551151425556549, 0.1030779000047039, 0.023566855256669402, 0.1555082658362432, 0.15518684673983102, 0.1565690570014879, 0.10420157823162732, 0.0, 0.154608283422292, 0.030398842263963544, 0.0, 0.03546857354707374, 0.132645543775276, 0.09141340277580914, 0.1429309924292821, 0.3068919929497237, 0.20988689348289313], 156.20516965994187], [12, [0.13674639505343017, 0.1323016337497903, 0.14650640919416325, 0.13180799751378267, 0.0, 0.0, 0.04679727311277775, 0.0, 0.0, 0.20104294090752195, 0.0, 0.10807789287900432, 0.40030499570180506, 0.0, 0.16173036843340755, 0.033670529450595676, 0.16858894455419515, 0.07028864085551095, 0.0, 0.21598865413345517, 0.07834511424850527, 0.19543822682517514, 0.11052828560018585, 0.14629149320900006, 0.24910823410053407, 0.1595438580834948, 0.07200672091581667, 0.0, 0.21155458464968843, 0.10759501667372784, 0.0, 0.0, 0.13699690748164467, 0.14070008711684212, 0.17162291518830003, 0.281577391854114, 0.23085928723524748], 154.9059894028437], [22, [0.17797018444448603, 0.048289373060935586, 0.15674148209904948, 0.057422610215961, 0.04135234001301207, 0.0, 0.0, 0.0, 0.06421306426435157, 0.18071769433638357, 0.0, 0.020150000657717063, 0.4870638119991035, 0.0, 0.24955903733212986, 0.0, 0.20727368296510612, 0.06580951025582348, 0.026561809675223192, 0.22653809121446394, 0.17081274866836776, 0.17444923123416514, 0.05308358579368156, 0.21059470455100732, 0.33851277662102625, 0.10605142533113979, 0.13363283044551882, 0.0, 0.26990186343115197, 0.20086193143238246, 0.040212173589173485, 0.04455298921508286, 0.22439121171879858, 0.2037968390497122, 0.1864951832192616, 0.33177214032942676, 0.2853877955649709], 154.67187015562467], [25, [0.21142356066637655, 0.004651503981797561, 0.11070271372015181, 0.0008026304549800939, 0.1064653527128214, 0.0, 0.00598863727853547, 0.06377744457820504, 0.0, 0.12719451917199104, 0.0248117668332329, 0.11532159633331947, 0.4779047110566916, 0.0050936089286672155, 0.28158178753399776, 0.0, 0.19674246049440397, 0.15161711967772817, 0.0, 0.30175146257645746, 0.19676045152786958, 0.21507954300951132, 0.04157426277585257, 0.12906524478101877, 0.26090669410135053, 0.16230603037801894, 0.10180627460077846, 0.0, 0.26127247266466047, 0.1446864126729146, 0.09654885409216492, 0.0, 0.18485424262645628, 0.1753394343051884, 0.11796363955122163, 0.36149655370394757, 0.29595230741337114], 154.6178971358108], [26, [0.17843706492574973, 0.016556003844919905, 0.02624533527168091, 0.0, 0.1004005560453244, 0.0, 0.0, 0.0, 0.04840329730812414, 0.0978699277393348, 0.09294032133603869, 0.09013048767210999, 0.5547496425630845, 0.0, 0.27124683869825594, 0.07389082034232589, 0.1375955768194042, 0.1746042350433948, 0.0, 0.23689714809908743, 0.23718297153236279, 0.19034854694461847, 0.0, 0.1244304188959926, 0.25962799138095477, 0.14041828418829966, 0.015249839038571092, 0.0, 0.23886428719603903, 0.19588523583654466, 0.0, 0.0, 0.08494326074203243, 0.11646404647686726, 0.21056351352953157, 0.4003641022380816, 0.39325208523329996], 154.26186626901267], [97, [0.19976536682439344, 0.0, 0.017955376515350903, 0.0, 0.11870460232851711, 0.0, 0.08226899183260841, 0.0, 0.01778082277406801, 0.12382088231408284, 0.15492052798582825, 0.041569161195142826, 0.6344088658501061, 0.025081107780164636, 0.23414662878337278, 0.010717367782060186, 0.10941473410658156, 0.24184275443956965, 0.0, 0.14077433675693066, 0.1863611718754035,