{"BEST_RUN": [255, [0.09476178245295522, 0.05745331115090329, 0.3246430518113376, 0.44985347723089897, 0.21503780861632696, 0.0, 0.10086914664199013, 0.00683125349661089, 0.09959485145787109], 30.87160466150409], "RUN_HISTORY": [[1, [0.0, 0.0, 0.0, 0.0, 0.0, 0.0, 0.0, 0.0, 0.0], 31.457323399824595], [2, [0.0, 0.0, 0.059245087940281826, 0.034227116674410696, 0.0, 0.006320756990606658, 0.0, 0.09114856206830241, 0.0], 31.403557607577095], [4, [0.04540774631562954, 0.07556697992056526, 0.13834331971347974, 0.07835376487761525, 0.0, 0.0, 0.08563242886432554, 0.05950418944940813, 0.048438496429776136], 30.99762322570915], [15, [0.0, 0.02082966756229601, 0.20584998282040345, 0.1636731607226556, 0.07003187746708095, 0.04099993883267006, 0.15866032407417696, 0.06410044201903403, 0.0041523169979331], 30.957517979187813], [77, [0.0, 0.0, 0.18914438595860125, 0.19071392706257045, 0.0, 0.0, 0.12626731030641733, 0.09151585345719554, 0.004204982460904236], 30.944925332491483], [142, [0.0746417527735765, 0.0, 0.18861381371393288, 0.27854038630726985, 0.08282667471619527, 0.01934433758672867, 0.1214292000660297, 0.020289881535487664, 0.07882307739613913], 30.922574710378925], [155, [0.03943165134591033, 0.0, 0.2679093163858571, 0.3486251835438189, 0.17668270492256882, 0.021600164145690284, 0.0659644925806829, 0.0, 0.04386429789155071], 30.89125767406486], [162, [0.03860528252430333, 0.0, 0.32140475744264413, 0.4077542876280093, 0.18758604275892402, 0.0, 0.05544467482153656, 0.0, 0.04370441826123637], 30.886399287140527], [245, [0.09476178245295522, 0.05745331115090329, 0.3246430518113376, 0.44985347723089897, 0.21503780861632696, 0.0, 0.10086914664199013, 0.00683125349661089, 0.09959485145787109], 30.87160466150409]]}