{"BEST_RUN": [26220, [0.3476507164434846, 0.0, 0.37767146612785535, 1.0, 0.03925002352951022, 0.591520337001945, 0.24847681619097903, 0.0489774025578768, 0.35134073042079383], 30.4650692750613], "RUN_HISTORY": [[1, [0.0, 0.0, 0.0, 0.0, 0.0, 0.0, 0.0, 0.0, 0.0], 31.457323399824595], [2, [0.0, 0.0, 0.059245087940281826, 0.034227116674410696, 0.0, 0.006320756990606658, 0.0, 0.09114856206830241, 0.0], 31.403557607577095], [4, [0.04540774631562954, 0.07556697992056526, 0.13834331971347974, 0.07835376487761525, 0.0, 0.0, 0.08563242886432554, 0.05950418944940813, 0.048438496429776136], 30.99762322570915], [15, [0.0, 0.02082966756229601, 0.20584998282040345, 0.1636731607226556, 0.07003187746708095, 0.04099993883267006, 0.15866032407417696, 0.06410044201903403, 0.0041523169979331], 30.957517979187813], [77, [0.0, 0.0, 0.18914438595860125, 0.19071392706257045, 0.0, 0.0, 0.12626731030641733, 0.09151585345719554, 0.004204982460904236], 30.944925332491483], [142, [0.0746417527735765, 0.0, 0.18861381371393288, 0.27854038630726985, 0.08282667471619527, 0.01934433758672867, 0.1214292000660297, 0.020289881535487664, 0.07882307739613913], 30.922574710378925], [155, [0.03943165134591033, 0.0, 0.2679093163858571, 0.3486251835438189, 0.17668270492256882, 0.021600164145690284, 0.0659644925806829, 0.0, 0.04386429789155071], 30.89125767406486], [162, [0.03860528252430333, 0.0, 0.32140475744264413, 0.4077542876280093, 0.18758604275892402, 0.0, 0.05544467482153656, 0.0, 0.04370441826123637], 30.886399287140527], [245, [0.09476178245295522, 0.05745331115090329, 0.3246430518113376, 0.44985347723089897, 0.21503780861632696, 0.0, 0.10086914664199013, 0.00683125349661089, 0.09959485145787109], 30.87160466150409], [22, [0.1848218009296925, 0.028186439142842093, 0.4122360919480099, 0.45678125566913697, 0.17241354529905742, 0.03156057682613076, 0.19086374405863893, 0.0, 0.18844023920736008], 30.838656632404145], [23, [0.2756889209917791, 0.1170775134940604, 0.3215946805256129, 0.364031735597814, 0.2658033846745743, 0.0, 0.15093801354771932, 0.0, 0.28056648175073373], 30.816483649487925], [28, [0.3417874408275953, 0.09458719507937169, 0.3235450428643095, 0.4330403247265872, 0.202836546007936, 0.0, 0.16916803680041556, 0.0, 0.34581132379895424], 30.789993060017135], [18, [0.29669812865010536, 0.12780587183539188, 0.3239187969803181, 0.4334855064718278, 0.11445931218241978, 0.0, 0.14014562731842564, 0.08567800717172694, 0.3004497584567099], 30.78772960840655], [83, [0.3405417935534229, 0.06276711792007046, 0.4190827942743394, 0.3646391290126886, 0.1509978963806164, 0.01154571770391033, 0.23598868410236476, 0.04666745360463607, 0.3450360516643969], 30.78577065682467], [190, [0.3126093378236856, 0.03484792834814958, 0.34398477710794273, 0.3136085604624754, 0.13975449996939077, 0.09415137938553578, 0.16510019484175464, 0.05942333307913719, 0.31798947386141446], 30.742696612213326], [587, [0.26874068837758086, 0.0574904693087593, 0.4007315466537652, 0.3711174043205442, 0.19302623714211997, 0.15971271549547045, 0.08597299407689404, 0.026785125141424955, 0.27427373397136223], 30.714648881521864], [605, [0.3556452471474904, 0.0006193337743906971, 0.3434138678376834, 0.28673036823165854, 0.16401744152517705, 0.2343687053322467, 0.12956734520222507, 0.0693706463896335, 0.3603716298316489], 30.713007473747194], [270, [0.29266941074112685, 0.024034711898526642, 0.3330969897128061, 0.25283490999609903, 0.1365207354802364, 0.25682773642328377, 0.031155047632277638, 0.0, 0.29805664695547884], 30.709853027329775], [404, [0.34044179503425376, 0.04918089393646144, 0.3152032343453681, 0.2920972843153256, 0.18913924940910853, 0.2882763054619623, 0.04960581721165368, 0.007619787200631101, 0.3457045780453636], 30.694045851848745], [526, [0.35581450190930175, 0.06398639492864058, 0.31384887226543273, 0.37921276900661616, 0.1307148029505288, 0.3684546493541665, 0.144095694664322, 0.017079488107686072, 0.3595437931702652], 30.67201529154826], [538, [0.37743808367474585, 0.0, 0.21480447500551508, 0.4700909040209268, 0.16729815383803756, 0.34559359412175356, 0.23358767107468026, 0.03195857122735551, 0.38282789391687], 30.671919552297833], [543, [0.3570405502919298, 0.0, 0.1267867725405169, 0.5552151256484786, 0.11709934218882512, 0.29681861777834456, 0.25184440244503886, 0.07569984682574982, 0.361888404883102], 30.62259335296001], [3777, [0.35419115532816964, 0.04037869463882089, 0.21511502060561444, 0.6535856907663423, 0.21042215470146855, 0.2967372559751452, 0.2222844536018581, 0.01743273304371122, 0.35877088852629047], 30.618475558147882], [4519, [0.3197573438790936, 0.0, 0.2664741939977028, 0.7032059691705841, 0.19857422598501248, 0.32001720102870346, 0.15287050370255484, 2.2147428212954817e-05, 0.3246763667466766], 30.59769915856767], [5056, [0.2941871504296555, 0.0, 0.2520248949523656, 0.7811098876220905, 0.14347495981158218, 0.322759697745159, 0.09263134005123025, 0.04617580490150372, 0.298186404194931], 30.583286885730264], [5163, [0.3313806398389591, 0.0, 0.230319939996125, 0.8737222096832159, 0.20605802247534433, 0.24514793336177437, 0.08736159061083068, 0.03188308704578477, 0.336257251454652], 30.566558811875975], [5836, [0.342877811217264, 0.032610316608328825, 0.27923598672383554, 0.815390578953781, 0.22805441354111666, 0.2875233902535506, 0.0223500159351621, 0.00441987847554021, 0.34779823101471474], 30.553936222424216], [6234, [0.28929467440383855, 0.0, 0.2335329991388335, 0.8752865601390964, 0.15379729562307307, 0.36867159527056687, 0.0, 0.0, 0.2943379988760592], 30.553528405952793], [6235, [0.3566664526236192, 0.0, 0.15197675855407067, 0.8329641602271137, 0.23019210827460146, 0.31802041141740345, 0.04714242777239233, 0.0, 0.3621588233088415], 30.552873928162846], [7380, [0.3446701304871753, 0.0, 0.14838202683454146, 0.8758369517958551, 0.21718076928582264, 0.32832093392876305, 0.013005204337814186, 0.0, 0.349861657810791], 30.54545242523106], [7628, [0.31655261723918005, 0.0, 0.1525771839385275, 0.9141688708312925, 0.1344128550599893, 0.42308992690062763, 0.0, 0.0, 0.3215826483966365], 30.539269246092395], [8180, [0.30456678237112805, 0.035974566931656037, 0.23735180919038384, 0.960787428653902, 0.11536381303940119, 0.4903987420617786, 0.0, 0.0, 0.308462771589534], 30.530288462489775], [8296, [0.32538969738571316, 0.08769542084514421, 0.15001905034861734, 0.9713164356125523, 0.11321212064706251, 0.549303477789753, 0.04001083370148184, 0.0, 0.3306652493248135], 30.52180890612263], [8705, [0.3226840364621777, 0.0055076817192287325, 0.1386763751631187, 0.985225508927003, 0.10981702712267043, 0.4833589488913898, 0.06307051325315291, 0.0, 0.3270304904965477], 30.51806827403465], [9173, [0.3147245765552016, 0.011539475023628046, 0.17042430010942738, 0.9869356843424031, 0.11326584317377283, 0.5115772772815435, 0.08578204906526056, 0.0, 0.3195320472221715], 30.5161417097731], [9726, [0.34211348460453017, 0.029390388556888206, 0.12602515838137313, 1.0, 0.1625101200256996, 0.5465071695612427, 0.04672284913190409, 0.0, 0.34742575979118623], 30.515636207254587], [10031, [0.3664733167204728, 0.03567065287645321, 0.21390001025835237, 1.0, 0.14633899376772935, 0.530181444463612, 0.08679224602855584, 0.0, 0.37151171117091925], 30.484980770741014], [11414, [0.3417813076204065, 0.0, 0.3127093823331451, 0.9785616930963346, 0.05413217650310345, 0.6141781649647912, 0.16264885104549115, 0.035051626943355375, 0.34717649414746765], 30.47340529159887], [11840, [0.379601018884217, 0.0, 0.3670653319184055, 1.0, 0.05654807150541655, 0.6085582161471094, 0.19890993968326764, 0.0568694916181, 0.3841271257536343], 30.468260888384812], [21392, [0.3476507164434846, 0.0, 0.37767146612785535, 1.0, 0.03925002352951022, 0.591520337001945, 0.24847681619097903, 0.0489774025578768, 0.35134073042079383], 30.4650692750613]]}