{"BEST_RUN": [1015, [0.3556452471474904, 0.0006193337743906971, 0.3434138678376834, 0.28673036823165854, 0.16401744152517705, 0.2343687053322467, 0.12956734520222507, 0.0693706463896335, 0.3603716298316489], 30.713007473747194], "RUN_HISTORY": [[1, [0.0, 0.0, 0.0, 0.0, 0.0, 0.0, 0.0, 0.0, 0.0], 31.457323399824595], [2, [0.0, 0.0, 0.059245087940281826, 0.034227116674410696, 0.0, 0.006320756990606658, 0.0, 0.09114856206830241, 0.0], 31.403557607577095], [4, [0.04540774631562954, 0.07556697992056526, 0.13834331971347974, 0.07835376487761525, 0.0, 0.0, 0.08563242886432554, 0.05950418944940813, 0.048438496429776136], 30.99762322570915], [15, [0.0, 0.02082966756229601, 0.20584998282040345, 0.1636731607226556, 0.07003187746708095, 0.04099993883267006, 0.15866032407417696, 0.06410044201903403, 0.0041523169979331], 30.957517979187813], [77, [0.0, 0.0, 0.18914438595860125, 0.19071392706257045, 0.0, 0.0, 0.12626731030641733, 0.09151585345719554, 0.004204982460904236], 30.944925332491483], [142, [0.0746417527735765, 0.0, 0.18861381371393288, 0.27854038630726985, 0.08282667471619527, 0.01934433758672867, 0.1214292000660297, 0.020289881535487664, 0.07882307739613913], 30.922574710378925], [155, [0.03943165134591033, 0.0, 0.2679093163858571, 0.3486251835438189, 0.17668270492256882, 0.021600164145690284, 0.0659644925806829, 0.0, 0.04386429789155071], 30.89125767406486], [162, [0.03860528252430333, 0.0, 0.32140475744264413, 0.4077542876280093, 0.18758604275892402, 0.0, 0.05544467482153656, 0.0, 0.04370441826123637], 30.886399287140527], [245, [0.09476178245295522, 0.05745331115090329, 0.3246430518113376, 0.44985347723089897, 0.21503780861632696, 0.0, 0.10086914664199013, 0.00683125349661089, 0.09959485145787109], 30.87160466150409], [22, [0.1848218009296925, 0.028186439142842093, 0.4122360919480099, 0.45678125566913697, 0.17241354529905742, 0.03156057682613076, 0.19086374405863893, 0.0, 0.18844023920736008], 30.838656632404145], [23, [0.2756889209917791, 0.1170775134940604, 0.3215946805256129, 0.364031735597814, 0.2658033846745743, 0.0, 0.15093801354771932, 0.0, 0.28056648175073373], 30.816483649487925], [28, [0.3417874408275953, 0.09458719507937169, 0.3235450428643095, 0.4330403247265872, 0.202836546007936, 0.0, 0.16916803680041556, 0.0, 0.34581132379895424], 30.789993060017135], [18, [0.29669812865010536, 0.12780587183539188, 0.3239187969803181, 0.4334855064718278, 0.11445931218241978, 0.0, 0.14014562731842564, 0.08567800717172694, 0.3004497584567099], 30.78772960840655], [83, [0.3405417935534229, 0.06276711792007046, 0.4190827942743394, 0.3646391290126886, 0.1509978963806164, 0.01154571770391033, 0.23598868410236476, 0.04666745360463607, 0.3450360516643969], 30.78577065682467], [190, [0.3126093378236856, 0.03484792834814958, 0.34398477710794273, 0.3136085604624754, 0.13975449996939077, 0.09415137938553578, 0.16510019484175464, 0.05942333307913719, 0.31798947386141446], 30.742696612213326], [587, [0.26874068837758086, 0.0574904693087593, 0.4007315466537652, 0.3711174043205442, 0.19302623714211997, 0.15971271549547045, 0.08597299407689404, 0.026785125141424955, 0.27427373397136223], 30.714648881521864], [605, [0.3556452471474904, 0.0006193337743906971, 0.3434138678376834, 0.28673036823165854, 0.16401744152517705, 0.2343687053322467, 0.12956734520222507, 0.0693706463896335, 0.3603716298316489], 30.713007473747194]]}